query_id,request_id,query_words,relevant_docs,bm25_ndcg10,first_ndcg10,prp_ndcg10,first_minus_bm25,first_minus_prp,bucket
PLAIN-2,nfcorpus-PLAIN-2,7,24,0.8013939141871723,0.8266631533699129,0.8656408656973713,0.0252692391827406,-0.03897771232745839,gain
PLAIN-12,nfcorpus-PLAIN-12,5,30,0.0,0.0,0.0,0.0,0.0,tie
PLAIN-23,nfcorpus-PLAIN-23,9,90,0.36385599756890447,0.7454436363726847,0.5733741146885178,0.38158763880378027,0.1720695216841669,gain
PLAIN-33,nfcorpus-PLAIN-33,5,32,0.14342484470735153,0.25708634497380517,0.30829708711768966,0.11366150026645364,-0.05121074214388449,gain
PLAIN-44,nfcorpus-PLAIN-44,6,58,0.0,0.1734599867390924,0.17897489594999488,0.1734599867390924,-0.0055149092109024744,gain
PLAIN-56,nfcorpus-PLAIN-56,3,50,0.6975975228401826,0.7247572127588066,0.5666116170987252,0.02715968991862394,0.15814559566008135,gain
PLAIN-68,nfcorpus-PLAIN-68,6,55,0.36077903708155934,0.5394675755624927,0.588793172823202,0.17868853848093336,-0.049325597260709286,gain
PLAIN-78,nfcorpus-PLAIN-78,9,62,0.08039138809008574,0.05487565949361938,0.04247244516790241,-0.025515728596466357,0.01240321432571697,loss
PLAIN-91,nfcorpus-PLAIN-91,5,64,0.17653239837139895,0.1596096716191385,0.1596096716191385,-0.016922726752260447,0.0,loss
PLAIN-102,nfcorpus-PLAIN-102,5,24,0.12530682344457728,0.3239134396887189,0.0,0.1986066162441416,0.3239134396887189,gain
PLAIN-112,nfcorpus-PLAIN-112,4,56,0.4222280166138916,0.459082823391373,0.459082823391373,0.03685480677748143,0.0,gain
PLAIN-123,nfcorpus-PLAIN-123,8,51,0.038356439954197026,0.12741733550370724,0.06370866775185362,0.08906089554951022,0.06370866775185362,gain
PLAIN-133,nfcorpus-PLAIN-133,6,36,0.0,0.0,0.0,0.0,0.0,tie
PLAIN-143,nfcorpus-PLAIN-143,4,51,0.3239134396887189,0.6092584262921852,0.36632334652564597,0.2853449866034663,0.24293507976653922,gain
PLAIN-153,nfcorpus-PLAIN-153,5,47,0.4777832312377697,0.8366465219293796,0.8935530791692834,0.3588632906916099,-0.05690655723990379,gain
PLAIN-165,nfcorpus-PLAIN-165,8,36,0.3268899477093949,0.5623218899703181,0.6709906016048227,0.23543194226092318,-0.10866871163450464,gain
PLAIN-175,nfcorpus-PLAIN-175,3,37,0.36864024334781587,0.36864024334781587,0.13347537859706932,0.0,0.23516486475074655,tie
PLAIN-186,nfcorpus-PLAIN-186,4,24,0.11004588314904008,0.22009176629808017,0.22009176629808017,0.11004588314904008,0.0,gain
PLAIN-196,nfcorpus-PLAIN-196,5,69,0.6691255538181726,0.7034066032439746,0.6083169141195838,0.03428104942580201,0.09508968912439086,gain
PLAIN-207,nfcorpus-PLAIN-207,4,55,0.2866919347890071,0.521098444712307,0.4642913062995817,0.23440650992329992,0.05680713841272533,gain
PLAIN-217,nfcorpus-PLAIN-217,4,36,0.0,0.0,0.0,0.0,0.0,tie
PLAIN-227,nfcorpus-PLAIN-227,5,40,0.11004588314904008,0.06943122193677727,0.0,-0.040614661212262815,0.06943122193677727,loss
PLAIN-238,nfcorpus-PLAIN-238,5,54,0.0,0.0,0.0,0.0,0.0,tie
PLAIN-248,nfcorpus-PLAIN-248,6,31,0.11004588314904008,0.1731866333482261,0.19518900079066107,0.06314075019918601,-0.022002367442434972,gain
PLAIN-259,nfcorpus-PLAIN-259,5,14,0.3589542101716347,0.33013764944712026,0.13886244387355454,-0.02881656072451444,0.19127520557356573,loss
PLAIN-270,nfcorpus-PLAIN-270,5,52,0.22009176629808017,0.22009176629808017,0.22009176629808017,0.0,0.0,tie
PLAIN-280,nfcorpus-PLAIN-280,5,20,0.3932783996463063,0.3340514446642156,0.4690000933206748,-0.059226954982090685,-0.13494864865645922,loss
PLAIN-291,nfcorpus-PLAIN-291,6,13,0.3589542101716347,0.3589542101716347,0.22793826167775832,0.0,0.13101594849387638,tie
PLAIN-307,nfcorpus-PLAIN-307,9,3,0.2960819109658652,0.9325210919548239,0.9674679834891693,0.6364391809889587,-0.03494689153434538,gain
PLAIN-320,nfcorpus-PLAIN-320,4,42,0.0,0.0,0.06943122193677727,0.0,-0.06943122193677727,tie
PLAIN-332,nfcorpus-PLAIN-332,10,2,0.6131471927654584,0.6131471927654584,0.6131471927654584,0.0,0.0,tie
PLAIN-344,nfcorpus-PLAIN-344,10,61,0.11428257845677503,0.13347537859706932,0.11122948216422443,0.019192800140294286,0.022245896432844886,gain
PLAIN-358,nfcorpus-PLAIN-358,10,3,0.0,0.0,0.0,0.0,0.0,tie
PLAIN-371,nfcorpus-PLAIN-371,9,2,0.16369747519436975,0.38009376671593426,0.38009376671593426,0.2163962915215645,0.0,gain
PLAIN-383,nfcorpus-PLAIN-383,11,5,0.1208113026994942,0.21398626473452756,0.16958010263680806,0.09317496203503337,0.0444061620977195,gain
PLAIN-395,nfcorpus-PLAIN-395,8,3,0.0,0.0,0.0,0.0,0.0,tie
PLAIN-407,nfcorpus-PLAIN-407,5,3,0.6387878864795979,0.6387878864795979,0.6387878864795979,0.0,0.0,tie
PLAIN-418,nfcorpus-PLAIN-418,6,3,0.7606220037494031,0.8670870086853021,0.8670870086853021,0.10646500493589894,0.0,gain
PLAIN-430,nfcorpus-PLAIN-430,9,8,0.5640151161600534,0.5758211900829147,0.5640151161600534,0.01180607392286126,0.01180607392286126,gain
PLAIN-441,nfcorpus-PLAIN-441,7,5,0.9480160773094435,0.9597031114076343,0.8526542464062051,0.01168703409819083,0.10704886500142918,gain
PLAIN-457,nfcorpus-PLAIN-457,8,5,0.0,0.0,0.0,0.0,0.0,tie
PLAIN-468,nfcorpus-PLAIN-468,8,10,0.2406871186625798,0.32967345012586385,0.27733701506236197,0.08898633146328405,0.052336435063501885,gain
PLAIN-478,nfcorpus-PLAIN-478,1,1,0.0,0.0,0.0,0.0,0.0,tie
PLAIN-488,nfcorpus-PLAIN-488,2,15,0.933745776545611,0.9305687780632227,0.8630152897016882,-0.0031769984823882824,0.06755348836153452,loss
PLAIN-499,nfcorpus-PLAIN-499,1,34,0.4690000933206748,0.41528076708874123,0.3932783996463063,-0.053719326231933595,0.022002367442434945,loss
PLAIN-510,nfcorpus-PLAIN-510,2,6,0.0,0.0,0.0,0.0,0.0,tie
PLAIN-520,nfcorpus-PLAIN-520,1,1,0.0,0.0,0.0,0.0,0.0,tie
PLAIN-531,nfcorpus-PLAIN-531,2,308,0.3214961622634444,0.15139734109601002,0.3436966913921454,-0.17009882116743438,-0.1922993502961354,loss
PLAIN-541,nfcorpus-PLAIN-541,3,6,0.3872487704346732,0.0,0.43292617940918415,-0.3872487704346732,-0.43292617940918415,loss
PLAIN-551,nfcorpus-PLAIN-551,1,2,0.0,0.0,0.0,0.0,0.0,tie
PLAIN-561,nfcorpus-PLAIN-561,1,25,0.3589542101716347,0.3589542101716347,0.3589542101716347,0.0,0.0,tie
PLAIN-571,nfcorpus-PLAIN-571,1,7,0.2558209594125084,0.2247194739855928,0.2558209594125084,-0.03110148542691557,-0.03110148542691557,loss
PLAIN-583,nfcorpus-PLAIN-583,1,44,0.0,0.0,0.0,0.0,0.0,tie
PLAIN-593,nfcorpus-PLAIN-593,1,3,0.46927872602275644,0.46927872602275644,0.46927872602275644,0.0,0.0,tie
PLAIN-603,nfcorpus-PLAIN-603,1,1,0.0,0.0,0.0,0.0,0.0,tie
PLAIN-613,nfcorpus-PLAIN-613,2,10,0.06362078819895171,0.11004588314904008,0.22009176629808017,0.04642509495008837,-0.11004588314904008,gain
PLAIN-623,nfcorpus-PLAIN-623,2,41,0.2489083270225946,0.2489083270225946,0.2489083270225946,0.0,0.0,tie
PLAIN-634,nfcorpus-PLAIN-634,1,21,0.13886244387355454,0.22009176629808017,0.22009176629808017,0.08122932242452563,0.0,gain
PLAIN-645,nfcorpus-PLAIN-645,1,29,0.0,0.0,0.0,0.0,0.0,tie
PLAIN-660,nfcorpus-PLAIN-660,1,475,1.0,1.0,0.905211635630449,0.0,0.09478836436955096,tie
PLAIN-671,nfcorpus-PLAIN-671,1,1,1.0,1.0,1.0,0.0,0.0,tie
PLAIN-681,nfcorpus-PLAIN-681,2,1,1.0,1.0,1.0,0.0,0.0,tie
PLAIN-691,nfcorpus-PLAIN-691,1,21,0.0,0.0,0.0,0.0,0.0,tie
PLAIN-701,nfcorpus-PLAIN-701,2,8,0.3618791953854131,0.4125317798925535,0.4125317798925535,0.05065258450714044,0.0,gain
PLAIN-711,nfcorpus-PLAIN-711,2,57,0.22009176629808017,0.22009176629808017,0.22009176629808017,0.0,0.0,tie
PLAIN-721,nfcorpus-PLAIN-721,1,25,1.0,1.0,1.0,0.0,0.0,tie
PLAIN-731,nfcorpus-PLAIN-731,2,54,0.7935840677649109,0.5559026721867443,0.4011248950259844,-0.2376813955781666,0.15477777716075986,loss
PLAIN-741,nfcorpus-PLAIN-741,1,19,0.8486026589039899,0.8630152897016882,0.8414929602590189,0.014412630797698278,0.021522329442669297,gain
PLAIN-751,nfcorpus-PLAIN-751,2,7,0.0,0.0,0.0,0.0,0.0,tie
PLAIN-761,nfcorpus-PLAIN-761,2,6,0.15130120674940675,0.13032376591037065,0.1909208661789347,-0.020977440839036104,-0.06059710026856405,loss
PLAIN-771,nfcorpus-PLAIN-771,2,3,1.0,1.0,1.0,0.0,0.0,tie
PLAIN-782,nfcorpus-PLAIN-782,2,2,0.0,0.0,0.0,0.0,0.0,tie
PLAIN-792,nfcorpus-PLAIN-792,1,6,0.644824486427155,0.644824486427155,0.4935232796777482,0.0,0.15130120674940678,tie
PLAIN-806,nfcorpus-PLAIN-806,2,96,0.8579809428223729,1.0,0.933745776545611,0.14201905717762708,0.06625422345438903,gain
PLAIN-817,nfcorpus-PLAIN-817,2,1,0.0,0.0,0.0,0.0,0.0,tie
PLAIN-827,nfcorpus-PLAIN-827,1,244,0.43808927588501717,0.6163668470816235,0.6717589890736099,0.1782775711966063,-0.05539214199198639,gain
PLAIN-838,nfcorpus-PLAIN-838,1,9,0.8550956239938449,0.8550956239938449,0.8550956239938449,0.0,0.0,tie
PLAIN-850,nfcorpus-PLAIN-850,1,57,0.6489315753318465,0.6489315753318465,0.6489315753318465,0.0,0.0,tie
PLAIN-872,nfcorpus-PLAIN-872,2,1,0.0,0.0,0.0,0.0,0.0,tie
PLAIN-882,nfcorpus-PLAIN-882,1,15,0.3589542101716347,0.33013764944712026,0.3589542101716347,-0.02881656072451444,-0.02881656072451444,loss
PLAIN-892,nfcorpus-PLAIN-892,1,92,0.7273298443105218,0.7273298443105218,0.7273298443105218,0.0,0.0,tie
PLAIN-902,nfcorpus-PLAIN-902,1,4,0.6366824387328317,0.6366824387328317,0.5855700749881525,0.0,0.0511123637446792,tie
PLAIN-913,nfcorpus-PLAIN-913,1,34,0.933745776545611,0.8512360941594272,0.8669479898642709,-0.08250968238618372,-0.01571189570484366,loss
PLAIN-924,nfcorpus-PLAIN-924,1,32,0.22009176629808017,0.22009176629808017,0.22009176629808017,0.0,0.0,tie
PLAIN-934,nfcorpus-PLAIN-934,1,101,0.7975167679274937,0.611755947233009,0.8611375561264454,-0.18576082069448474,-0.2493816088934364,loss
PLAIN-946,nfcorpus-PLAIN-946,1,31,0.31488013066763093,0.3589542101716347,0.22400556151517553,0.04407407950400377,0.13494864865645917,gain
PLAIN-956,nfcorpus-PLAIN-956,2,206,0.2980272981222516,0.4595326231006953,0.5289638450374726,0.16150532497844372,-0.06943122193677731,gain
PLAIN-966,nfcorpus-PLAIN-966,1,3,0.14126697285982898,0.0,0.1480409554829326,-0.14126697285982898,-0.1480409554829326,loss
PLAIN-977,nfcorpus-PLAIN-977,2,3,0.14126697285982898,0.46927872602275644,0.20210734650054757,0.32801175316292747,0.2671713795222089,gain
PLAIN-987,nfcorpus-PLAIN-987,1,3,0.23463936301137822,0.23463936301137822,0.2960819109658652,0.0,-0.061442547954487,tie
PLAIN-997,nfcorpus-PLAIN-997,1,2,0.0,0.0,0.0,0.0,0.0,tie
PLAIN-1008,nfcorpus-PLAIN-1008,1,5,0.0,0.0,0.0,0.0,0.0,tie
PLAIN-1018,nfcorpus-PLAIN-1018,1,60,0.4922818839877925,0.5113553108118987,0.530263109944618,0.019073426824106177,-0.01890779913271934,gain
PLAIN-1028,nfcorpus-PLAIN-1028,2,1,0.0,0.0,0.0,0.0,0.0,tie
PLAIN-1039,nfcorpus-PLAIN-1039,2,2,1.0,1.0,1.0,0.0,0.0,tie
PLAIN-1050,nfcorpus-PLAIN-1050,3,94,0.06362078819895171,0.06362078819895171,0.22009176629808017,0.0,-0.15647097809912847,tie
PLAIN-1066,nfcorpus-PLAIN-1066,3,9,0.0,0.0,0.0,0.0,0.0,tie
PLAIN-1088,nfcorpus-PLAIN-1088,1,5,0.5531464700081437,0.5531464700081437,0.5531464700081437,0.0,0.0,tie
PLAIN-1098,nfcorpus-PLAIN-1098,1,5,0.0,0.0,0.0,0.0,0.0,tie
PLAIN-1109,nfcorpus-PLAIN-1109,2,98,0.604685538711841,0.8389574121760601,0.7093753650484099,0.23427187346421907,0.1295820471276502,gain
PLAIN-1119,nfcorpus-PLAIN-1119,2,11,0.0,0.0,0.0,0.0,0.0,tie
PLAIN-1130,nfcorpus-PLAIN-1130,1,1,1.0,1.0,1.0,0.0,0.0,tie
PLAIN-1141,nfcorpus-PLAIN-1141,2,16,0.22009176629808017,0.22009176629808017,0.22009176629808017,0.0,0.0,tie
PLAIN-1151,nfcorpus-PLAIN-1151,3,153,0.1681522864689108,0.19518900079066107,0.11004588314904008,0.027036714321750255,0.08514311764162098,gain
PLAIN-1161,nfcorpus-PLAIN-1161,2,1,0.0,0.0,0.0,0.0,0.0,tie
PLAIN-1172,nfcorpus-PLAIN-1172,1,19,0.22009176629808017,0.22009176629808017,0.22009176629808017,0.0,0.0,tie
PLAIN-1183,nfcorpus-PLAIN-1183,1,25,0.28952298823485745,0.2934556883974402,0.3589542101716347,0.003932700162582736,-0.06549852177419452,gain
PLAIN-1193,nfcorpus-PLAIN-1193,2,18,0.06362078819895171,0.0,0.0,-0.06362078819895171,0.0,loss
PLAIN-1203,nfcorpus-PLAIN-1203,2,12,0.3589542101716347,0.3589542101716347,0.3589542101716347,0.0,0.0,tie
PLAIN-1214,nfcorpus-PLAIN-1214,1,17,0.0,0.0,0.0,0.0,0.0,tie
PLAIN-1225,nfcorpus-PLAIN-1225,1,27,0.5363559634917963,0.6285108926059098,0.5372903784169164,0.09215492911411349,0.09122051418899335,gain
PLAIN-1236,nfcorpus-PLAIN-1236,1,5,0.3391602052736161,0.3391602052736161,0.3391602052736161,0.0,0.0,tie
PLAIN-1249,nfcorpus-PLAIN-1249,2,4,0.0,0.0,0.0,0.0,0.0,tie
PLAIN-1262,nfcorpus-PLAIN-1262,5,10,0.36211082347570717,0.4690000933206748,0.33013764944712026,0.10688926984496766,0.13886244387355456,gain
PLAIN-1275,nfcorpus-PLAIN-1275,2,55,0.4537425745411855,0.538431315257452,0.5199967979955745,0.08468874071626653,0.018434517261877503,gain
PLAIN-1288,nfcorpus-PLAIN-1288,1,196,0.7381919257729245,0.7280855459907165,0.7104770117651426,-0.010106379782207964,0.017608534225573957,loss
PLAIN-1299,nfcorpus-PLAIN-1299,2,61,0.30523488393970116,0.30523488393970116,0.22009176629808017,0.0,0.085143117641621,tie
PLAIN-1309,nfcorpus-PLAIN-1309,1,4,0.0,0.0,0.0,0.0,0.0,tie
PLAIN-1320,nfcorpus-PLAIN-1320,4,6,0.4500112274528524,0.5842273861585909,0.15130120674940675,0.13421615870573855,0.4329261794091842,gain
PLAIN-1331,nfcorpus-PLAIN-1331,1,1,0.0,0.0,0.0,0.0,0.0,tie
PLAIN-1342,nfcorpus-PLAIN-1342,2,16,0.32730659600126993,0.3787833386759354,0.3785988060390612,0.051476742674665454,0.00018453263687417953,gain
PLAIN-1353,nfcorpus-PLAIN-1353,1,4,0.0,0.0,0.0,0.0,0.0,tie
PLAIN-1363,nfcorpus-PLAIN-1363,1,11,0.22009176629808017,0.22009176629808017,0.22009176629808017,0.0,0.0,tie
PLAIN-1374,nfcorpus-PLAIN-1374,2,26,0.22793826167775832,0.28165758790969186,0.19518900079066107,0.05371932623193354,0.0864685871190308,gain
PLAIN-1387,nfcorpus-PLAIN-1387,1,12,0.6569815082938862,0.7183627972686238,0.7682269253321374,0.0613812889747376,-0.04986412806351359,gain
PLAIN-1398,nfcorpus-PLAIN-1398,1,103,1.0,1.0,1.0,0.0,0.0,tie
PLAIN-1409,nfcorpus-PLAIN-1409,2,253,0.06362078819895171,0.0,0.20483424751859086,-0.06362078819895171,-0.20483424751859086,loss
PLAIN-1419,nfcorpus-PLAIN-1419,1,65,0.31488013066763093,0.30523488393970116,0.33013764944712026,-0.009645246727929768,-0.0249027655074191,loss
PLAIN-1429,nfcorpus-PLAIN-1429,4,6,0.0,0.0,0.0,0.0,0.0,tie
PLAIN-1441,nfcorpus-PLAIN-1441,1,186,0.4288398090337664,0.4954588824701808,0.5736899196572437,0.06661907343641438,-0.07823103718706292,gain
PLAIN-1453,nfcorpus-PLAIN-1453,2,245,0.30523488393970116,0.7191184989488184,0.7885497208855956,0.41388361500911724,-0.0694312219367772,gain
PLAIN-1463,nfcorpus-PLAIN-1463,2,24,0.40350157154648025,0.3340514446642156,0.28997736516021183,-0.06945012688226465,0.04407407950400377,loss
PLAIN-1473,nfcorpus-PLAIN-1473,1,1,1.0,1.0,1.0,0.0,0.0,tie
PLAIN-1485,nfcorpus-PLAIN-1485,1,54,0.0,0.0,0.0,0.0,0.0,tie
PLAIN-1496,nfcorpus-PLAIN-1496,1,1,0.0,0.0,0.0,0.0,0.0,tie
PLAIN-1506,nfcorpus-PLAIN-1506,1,15,0.2984900352767555,0.2984900352767555,0.33013764944712026,0.0,-0.03164761417036477,tie
PLAIN-1516,nfcorpus-PLAIN-1516,1,2,0.0,0.0,0.0,0.0,0.0,tie
PLAIN-1527,nfcorpus-PLAIN-1527,2,202,0.8669479898642709,0.8579809428223729,0.9305687780632227,-0.00896704704189799,-0.07258783524084977,loss
PLAIN-1537,nfcorpus-PLAIN-1537,2,45,0.0,0.424926013816671,0.2489083270225946,0.424926013816671,0.1760176867940764,gain
PLAIN-1547,nfcorpus-PLAIN-1547,2,6,0.0,0.0,0.0,0.0,0.0,tie
PLAIN-1557,nfcorpus-PLAIN-1557,1,26,0.2781981696179509,0.20483424751859086,0.13886244387355454,-0.07336392209936005,0.06597180364503633,loss
PLAIN-1568,nfcorpus-PLAIN-1568,2,2,1.0,1.0,1.0,0.0,0.0,tie
PLAIN-1579,nfcorpus-PLAIN-1579,1,5,0.3391602052736161,0.3391602052736161,0.3391602052736161,0.0,0.0,tie
PLAIN-1590,nfcorpus-PLAIN-1590,2,18,0.22009176629808017,0.21726071285222986,0.1731866333482261,-0.002831053445850301,0.04407407950400377,loss
PLAIN-1601,nfcorpus-PLAIN-1601,1,74,0.5806020001118017,0.6468562235661908,0.7885497208855956,0.06625422345438903,-0.14169349731940484,gain
PLAIN-1611,nfcorpus-PLAIN-1611,1,6,0.0,0.0,0.0,0.0,0.0,tie
PLAIN-1621,nfcorpus-PLAIN-1621,1,4,0.0,0.0,0.0,0.0,0.0,tie
PLAIN-1635,nfcorpus-PLAIN-1635,1,431,0.5017100640839688,0.7818048722226499,0.7215194105726963,0.28009480813868115,0.06028546164995363,gain
PLAIN-1645,nfcorpus-PLAIN-1645,1,6,0.3026024134988135,0.3026024134988135,0.3026024134988135,0.0,0.0,tie
PLAIN-1656,nfcorpus-PLAIN-1656,2,28,0.09478836436955078,0.0,0.11004588314904008,-0.09478836436955078,-0.11004588314904008,loss
PLAIN-1667,nfcorpus-PLAIN-1667,2,159,0.7655934900767001,0.7479350596733328,0.9363792118010481,-0.01765843040336723,-0.18844415212771526,loss
PLAIN-1679,nfcorpus-PLAIN-1679,1,1,0.0,0.0,0.0,0.0,0.0,tie
PLAIN-1690,nfcorpus-PLAIN-1690,4,4,0.0,0.0,0.0,0.0,0.0,tie
PLAIN-1700,nfcorpus-PLAIN-1700,2,5,0.0,0.0,0.0,0.0,0.0,tie
PLAIN-1710,nfcorpus-PLAIN-1710,1,16,1.0,1.0,1.0,0.0,0.0,tie
PLAIN-1721,nfcorpus-PLAIN-1721,2,31,0.6621137423456801,0.6937613565160449,0.6594803070902427,0.03164761417036477,0.034281049425802124,gain
PLAIN-1731,nfcorpus-PLAIN-1731,1,3,0.7653606369886217,0.7653606369886217,0.7039180890341347,0.0,0.061442547954487,tie
PLAIN-1741,nfcorpus-PLAIN-1741,1,420,1.0,1.0,1.0,0.0,0.0,tie
PLAIN-1752,nfcorpus-PLAIN-1752,1,1,0.0,0.0,0.0,0.0,0.0,tie
PLAIN-1762,nfcorpus-PLAIN-1762,3,8,0.26852556974265224,0.4125317798925535,0.4125317798925535,0.14400621014990128,0.0,gain
PLAIN-1772,nfcorpus-PLAIN-1772,1,2,1.0,1.0,1.0,0.0,0.0,tie
PLAIN-1784,nfcorpus-PLAIN-1784,2,2,0.0,0.0,0.0,0.0,0.0,tie
PLAIN-1794,nfcorpus-PLAIN-1794,1,2,1.0,1.0,1.0,0.0,0.0,tie
PLAIN-1805,nfcorpus-PLAIN-1805,2,116,0.9305687780632227,0.9363792118010481,0.8701249883466592,0.005810433737825416,0.06625422345438892,gain
PLAIN-1817,nfcorpus-PLAIN-1817,2,27,0.5352543167750637,0.4440973278132557,0.388244052766991,-0.09115698896180802,0.05585327504626475,loss
PLAIN-1827,nfcorpus-PLAIN-1827,1,3,0.0,0.0,0.0,0.0,0.0,tie
PLAIN-1837,nfcorpus-PLAIN-1837,1,196,1.0,1.0,1.0,0.0,0.0,tie
PLAIN-1847,nfcorpus-PLAIN-1847,1,11,0.33013764944712026,0.2984900352767555,0.31488013066763093,-0.03164761417036477,-0.016390095390875437,loss
PLAIN-1857,nfcorpus-PLAIN-1857,2,33,0.6274092458891772,0.6421867266689009,0.5022037311331263,0.014777480779723629,0.13998299553577453,gain
PLAIN-1867,nfcorpus-PLAIN-1867,1,7,0.0,0.0,0.0,0.0,0.0,tie
PLAIN-1877,nfcorpus-PLAIN-1877,2,36,0.0,0.0,0.0,0.0,0.0,tie
PLAIN-1887,nfcorpus-PLAIN-1887,2,4,0.0,0.0,0.0,0.0,0.0,tie
PLAIN-1897,nfcorpus-PLAIN-1897,2,2,0.0,0.0,0.0,0.0,0.0,tie
PLAIN-1909,nfcorpus-PLAIN-1909,1,463,1.0,0.9266360779006398,0.8899541168509599,-0.07336392209936016,0.03668196104967991,loss
PLAIN-1919,nfcorpus-PLAIN-1919,2,27,0.7935840677649109,0.8701249883466592,0.7273298443105218,0.07654092058174833,0.14279514403613736,gain
PLAIN-1929,nfcorpus-PLAIN-1929,2,10,0.0,0.0,0.0,0.0,0.0,tie
PLAIN-1940,nfcorpus-PLAIN-1940,1,12,0.3589542101716347,0.3589542101716347,0.3589542101716347,0.0,0.0,tie
PLAIN-1950,nfcorpus-PLAIN-1950,1,13,0.2489083270225946,0.2489083270225946,0.3589542101716347,0.0,-0.1100458831490401,tie
PLAIN-1962,nfcorpus-PLAIN-1962,1,13,0.0,0.0,0.0,0.0,0.0,tie
PLAIN-1972,nfcorpus-PLAIN-1972,1,11,0.0,0.0,0.0,0.0,0.0,tie
PLAIN-1983,nfcorpus-PLAIN-1983,1,32,1.0,1.0,0.933745776545611,0.0,0.06625422345438903,tie
PLAIN-1995,nfcorpus-PLAIN-1995,2,11,0.0,0.0,0.0,0.0,0.0,tie
PLAIN-2009,nfcorpus-PLAIN-2009,1,8,0.12647135138382856,0.1089364926177559,0.12647135138382856,-0.017534858766072664,-0.017534858766072664,loss
PLAIN-2019,nfcorpus-PLAIN-2019,1,3,0.46927872602275644,0.46927872602275644,0.46927872602275644,0.0,0.0,tie
PLAIN-2030,nfcorpus-PLAIN-2030,1,6,0.3026024134988135,0.3026024134988135,0.3026024134988135,0.0,0.0,tie
PLAIN-2040,nfcorpus-PLAIN-2040,1,132,0.7573821447149965,0.7116179486056782,0.7116179486056782,-0.04576419610931837,0.0,loss
PLAIN-2051,nfcorpus-PLAIN-2051,2,355,0.7133080652109928,0.7215194105726963,0.5423247252962317,0.008211345361703537,0.17919468527646465,gain
PLAIN-2061,nfcorpus-PLAIN-2061,1,410,0.933745776545611,1.0,1.0,0.06625422345438903,0.0,gain
PLAIN-2071,nfcorpus-PLAIN-2071,1,45,0.5810820381115674,0.48153499054313026,0.39138176112557604,-0.09954704756843719,0.09015322941755421,loss
PLAIN-2081,nfcorpus-PLAIN-2081,2,1,1.0,1.0,1.0,0.0,0.0,tie
PLAIN-2092,nfcorpus-PLAIN-2092,1,10,0.6489315753318465,0.6489315753318465,0.6489315753318465,0.0,0.0,tie
PLAIN-2102,nfcorpus-PLAIN-2102,1,421,0.5352543167750637,0.5326208815196265,0.5368103404171507,-0.002633435255437244,-0.004189458897524201,loss
PLAIN-2113,nfcorpus-PLAIN-2113,2,1,0.0,0.0,0.0,0.0,0.0,tie
PLAIN-2124,nfcorpus-PLAIN-2124,1,17,0.3589542101716347,0.3589542101716347,0.3589542101716347,0.0,0.0,tie
PLAIN-2134,nfcorpus-PLAIN-2134,1,12,0.0,0.0,0.0,0.0,0.0,tie
PLAIN-2145,nfcorpus-PLAIN-2145,3,9,0.14829723057014912,0.2350455494144854,0.14829723057014912,0.08674831884433629,0.08674831884433629,gain
PLAIN-2156,nfcorpus-PLAIN-2156,1,6,0.644824486427155,0.644824486427155,0.644824486427155,0.0,0.0,tie
PLAIN-2167,nfcorpus-PLAIN-2167,1,1,0.0,0.0,0.0,0.0,0.0,tie
PLAIN-2177,nfcorpus-PLAIN-2177,1,24,0.29727159644205703,0.31516255047698366,0.40853591842579556,0.01789095403492663,-0.0933733679488119,gain
PLAIN-2187,nfcorpus-PLAIN-2187,1,9,0.3833427799846345,0.3833427799846345,0.3833427799846345,0.0,0.0,tie
PLAIN-2197,nfcorpus-PLAIN-2197,1,58,0.8579809428223729,0.8643145546088337,0.8415908474314974,0.006333611786460747,0.022723707177336294,gain
PLAIN-2209,nfcorpus-PLAIN-2209,1,2,0.0,0.0,0.0,0.0,0.0,tie
PLAIN-2220,nfcorpus-PLAIN-2220,1,9,0.2350455494144854,0.2350455494144854,0.2350455494144854,0.0,0.0,tie
PLAIN-2230,nfcorpus-PLAIN-2230,1,7,0.0,0.0,0.0,0.0,0.0,tie
PLAIN-2240,nfcorpus-PLAIN-2240,2,11,0.5834330535576521,0.6421867266689009,0.5727555047321237,0.058753673111248794,0.0694312219367772,gain
PLAIN-2250,nfcorpus-PLAIN-2250,2,2,0.0,0.0,0.0,0.0,0.0,tie
PLAIN-2261,nfcorpus-PLAIN-2261,2,60,0.44773452261294694,0.5834330535576521,0.601572065456638,0.13569853094470513,-0.018139011898985924,gain
PLAIN-2271,nfcorpus-PLAIN-2271,1,10,0.0,0.0,0.0,0.0,0.0,tie
PLAIN-2281,nfcorpus-PLAIN-2281,1,1,0.0,0.0,0.0,0.0,0.0,tie
PLAIN-2291,nfcorpus-PLAIN-2291,2,5,0.45221360703148816,0.21398626473452756,0.5531464700081437,-0.2382273422969606,-0.3391602052736161,loss
PLAIN-2301,nfcorpus-PLAIN-2301,2,13,0.0,0.0,0.0,0.0,0.0,tie
PLAIN-2311,nfcorpus-PLAIN-2311,1,2,0.0,0.0,0.0,0.0,0.0,tie
PLAIN-2321,nfcorpus-PLAIN-2321,2,5,0.0,0.0,0.0,0.0,0.0,tie
PLAIN-2332,nfcorpus-PLAIN-2332,2,97,0.5100691314582919,0.6051399156371955,0.36602461869280256,0.09507078417890358,0.23911529694439293,gain
PLAIN-2343,nfcorpus-PLAIN-2343,2,2,0.0,0.0,0.0,0.0,0.0,tie
PLAIN-2354,nfcorpus-PLAIN-2354,2,5,0.5087403079104241,0.5087403079104241,0.48522855511632257,0.0,0.02351175279410156,tie
PLAIN-2364,nfcorpus-PLAIN-2364,2,15,0.0,0.0,0.0,0.0,0.0,tie
PLAIN-2375,nfcorpus-PLAIN-2375,1,2,0.0,0.0,0.0,0.0,0.0,tie
PLAIN-2386,nfcorpus-PLAIN-2386,1,19,0.0,0.0,0.0,0.0,0.0,tie
PLAIN-2396,nfcorpus-PLAIN-2396,1,18,0.0,0.0,0.0,0.0,0.0,tie
PLAIN-2408,nfcorpus-PLAIN-2408,1,5,0.0,0.0,0.0,0.0,0.0,tie
PLAIN-2430,nfcorpus-PLAIN-2430,6,46,0.3589542101716347,0.5037157042890634,0.5115716521414854,0.14476149411742872,-0.00785594785242194,gain
PLAIN-2440,nfcorpus-PLAIN-2440,9,21,0.0,0.0,0.0,0.0,0.0,tie
PLAIN-2450,nfcorpus-PLAIN-2450,4,38,0.31488013066763093,0.2934556883974402,0.22009176629808017,-0.021424442270190747,0.07336392209936002,loss
PLAIN-2460,nfcorpus-PLAIN-2460,7,31,0.26695075719413863,0.24559324971596425,0.1983604281304198,-0.021357507478174387,0.047232821585544454,loss
PLAIN-2470,nfcorpus-PLAIN-2470,6,73,0.10327064981393905,0.42334012951396666,0.3757952403557263,0.32006947970002764,0.047544889158240344,gain
PLAIN-2480,nfcorpus-PLAIN-2480,5,18,0.24335144930682967,0.330181025145575,0.3430056933391503,0.08682957583874534,-0.012824668193575306,gain
PLAIN-2490,nfcorpus-PLAIN-2490,7,23,0.5386485824602897,0.6133451041091097,0.5255962946851963,0.07469652164882001,0.08774880942391339,gain
PLAIN-2500,nfcorpus-PLAIN-2500,8,7,0.11974534227438745,0.2394906845487749,0.3163197952348731,0.11974534227438745,-0.07682911068609818,gain
PLAIN-2510,nfcorpus-PLAIN-2510,4,46,0.8318477135310891,0.6618313225363274,0.6468562235661908,-0.17001639099476173,0.014975098970136602,loss
PLAIN-2520,nfcorpus-PLAIN-2520,5,73,0.11879175420284406,0.23969106839165588,0.07728716978919913,0.12089931418881182,0.16240389860245674,gain
PLAIN-2530,nfcorpus-PLAIN-2530,6,72,0.9276737537834677,0.9652843890316114,0.820164689135987,0.037610635248143676,0.14511969989562445,gain
PLAIN-2540,nfcorpus-PLAIN-2540,4,21,0.26317921170974523,0.33161025357448953,0.38993584451957525,0.0684310418647443,-0.058325590945085715,gain
PLAIN-2550,nfcorpus-PLAIN-2550,5,25,0.0,0.25483467100741447,0.444977378084739,0.25483467100741447,-0.1901427070773245,gain
PLAIN-2560,nfcorpus-PLAIN-2560,5,21,0.7885497208855956,0.9363792118010481,0.8630152897016882,0.1478294909154525,0.07336392209935994,gain
PLAIN-2570,nfcorpus-PLAIN-2570,5,40,0.1222260944107594,0.2444521888215188,0.0,0.1222260944107594,0.2444521888215188,gain
PLAIN-2580,nfcorpus-PLAIN-2580,8,23,0.37456050428247883,0.4374858569381833,0.1890570933316362,0.06292535265570448,0.24842876360654711,gain
PLAIN-2590,nfcorpus-PLAIN-2590,5,63,0.03285554183355299,0.06843104186474429,0.14342484470735153,0.035575500031191296,-0.07499380284260725,gain
PLAIN-2600,nfcorpus-PLAIN-2600,4,10,0.2059646712852783,0.5998254955960036,0.459082823391373,0.39386082431072533,0.1407426722046306,gain
PLAIN-2610,nfcorpus-PLAIN-2610,6,61,0.2751147078726002,0.2674859484828555,0.18625662605832993,-0.007628759389744666,0.08122932242452557,loss
PLAIN-2620,nfcorpus-PLAIN-2620,6,55,0.28952298823485745,0.31179666892228025,0.06943122193677727,0.022273680687422803,0.242365446985503,gain
PLAIN-2630,nfcorpus-PLAIN-2630,5,48,0.43735247915031,0.682058687059041,0.7273298443105218,0.24470620790873104,-0.04527115725148079,gain
PLAIN-2640,nfcorpus-PLAIN-2640,7,48,0.5992646849283239,0.5210691305045271,0.35203891472523335,-0.07819555442379678,0.16903021577929372,loss
PLAIN-2650,nfcorpus-PLAIN-2650,4,29,0.4658230948382866,0.5077181160122074,0.5326208815196265,0.0418950211739208,-0.0249027655074191,gain
PLAIN-2660,nfcorpus-PLAIN-2660,8,27,0.23440650992329987,0.25880978898961277,0.22400556151517553,0.0244032790663129,0.03480422747443723,gain
PLAIN-2670,nfcorpus-PLAIN-2670,4,35,0.2996484034259831,0.4887054967576193,0.2996484034259831,0.18905709333163623,0.18905709333163623,gain
PLAIN-2680,nfcorpus-PLAIN-2680,7,14,0.36458598999465325,0.36859149977396444,0.4808355143710309,0.004005509779311189,-0.11224401459706645,gain
PLAIN-2690,nfcorpus-PLAIN-2690,5,43,0.13568544539116628,0.1736666713479918,0.09478836436955078,0.037981225956825515,0.07887830697844102,gain
PLAIN-2700,nfcorpus-PLAIN-2700,5,10,0.1890570933316362,0.36417417493582804,0.34295731027236515,0.17511708160419184,0.021216864663462898,gain
PLAIN-2710,nfcorpus-PLAIN-2710,5,21,0.5503473659298083,0.6263380278851488,0.6170850552283429,0.07599066195534054,0.009252972656805913,gain
PLAIN-2720,nfcorpus-PLAIN-2720,6,36,0.1325372998263964,0.18340980524840012,0.2489083270225946,0.05087250542200372,-0.06549852177419449,gain
PLAIN-2730,nfcorpus-PLAIN-2730,6,29,0.2831714503645437,0.6479594895900163,0.5737064611887861,0.36478803922547254,0.07425302840123016,gain
PLAIN-2740,nfcorpus-PLAIN-2740,6,50,0.45705207997306296,0.5924541597928612,0.4437562409950965,0.13540207981979824,0.14869791879776473,gain
PLAIN-2750,nfcorpus-PLAIN-2750,6,59,0.5109241011712747,0.5522978728380074,0.27384875388632407,0.04137377166673262,0.2784491189516833,gain
PLAIN-2760,nfcorpus-PLAIN-2760,5,8,0.0,0.0,0.0,0.0,0.0,tie
PLAIN-2770,nfcorpus-PLAIN-2770,7,41,0.3557505847304329,0.2653782954402735,0.3260833025011973,-0.09037228929015939,-0.0607050070609238,loss
PLAIN-2780,nfcorpus-PLAIN-2780,8,22,0.3957428347866484,0.40584317262766684,0.38867747980191625,0.010100337841018436,0.01716569282575059,gain
PLAIN-2790,nfcorpus-PLAIN-2790,6,59,0.6421867266689009,0.7541058915306824,0.652572678498186,0.11191916486178155,0.1015332130324964,gain
PLAIN-2800,nfcorpus-PLAIN-2800,6,24,0.17631581635259896,0.3576083164503281,0.06452577150984495,0.18129250009772913,0.29308254494048314,gain
PLAIN-2810,nfcorpus-PLAIN-2810,8,8,0.05854439592831931,0.0,0.0,-0.05854439592831931,0.0,loss
PLAIN-2820,nfcorpus-PLAIN-2820,4,8,0.0,0.0,0.0,0.0,0.0,tie
PLAIN-2830,nfcorpus-PLAIN-2830,4,3,0.4030302838010049,0.4030302838010049,0.4030302838010049,0.0,0.0,tie
PLAIN-2840,nfcorpus-PLAIN-2840,4,17,0.0,0.0,0.0,0.0,0.0,tie
PLAIN-2850,nfcorpus-PLAIN-2850,8,9,0.0,0.0,0.0,0.0,0.0,tie
PLAIN-2860,nfcorpus-PLAIN-2860,6,2,1.0,1.0,1.0,0.0,0.0,tie
PLAIN-2870,nfcorpus-PLAIN-2870,4,5,0.0,0.10907458963273321,0.15979138559512832,0.10907458963273321,-0.0507167959623951,gain
PLAIN-2880,nfcorpus-PLAIN-2880,6,17,0.0,0.0,0.0,0.0,0.0,tie
PLAIN-2890,nfcorpus-PLAIN-2890,6,29,0.1285120859663631,0.11381311447980799,0.12025967902718644,-0.014698971486555107,-0.00644656454737845,loss
PLAIN-2900,nfcorpus-PLAIN-2900,8,12,0.0813675121926939,0.28148534440926104,0.0,0.20011783221656715,0.28148534440926104,gain
PLAIN-2910,nfcorpus-PLAIN-2910,3,15,0.20436662668128655,0.20436662668128655,0.20436662668128655,0.0,0.0,tie
PLAIN-2920,nfcorpus-PLAIN-2920,4,7,0.0,0.0,0.0,0.0,0.0,tie
PLAIN-2930,nfcorpus-PLAIN-2930,5,14,0.36077903708155934,0.36077903708155934,0.36077903708155934,0.0,0.0,tie
PLAIN-2940,nfcorpus-PLAIN-2940,5,22,0.0,0.0,0.0,0.0,0.0,tie
PLAIN-2950,nfcorpus-PLAIN-2950,4,2,0.0,0.0,0.0,0.0,0.0,tie
PLAIN-2960,nfcorpus-PLAIN-2960,10,2,0.3273949503887395,0.38009376671593426,0.7601875334318685,0.05269881632719475,-0.38009376671593426,gain
PLAIN-2970,nfcorpus-PLAIN-2970,4,9,0.0,0.0,0.0,0.0,0.0,tie
PLAIN-2981,nfcorpus-PLAIN-2981,4,7,0.5030904516575294,0.5030904516575294,0.5146297957850003,0.0,-0.01153934412747093,tie
PLAIN-2991,nfcorpus-PLAIN-2991,5,2,0.3065735963827292,0.38685280723454163,0.38685280723454163,0.08027921085181244,0.0,gain
PLAIN-3001,nfcorpus-PLAIN-3001,4,2,0.23719771276929622,0.6131471927654584,0.38685280723454163,0.37594947999616213,0.22629438553091674,gain
PLAIN-3014,nfcorpus-PLAIN-3014,6,1,0.0,0.0,0.0,0.0,0.0,tie
PLAIN-3026,nfcorpus-PLAIN-3026,3,1,0.0,0.6309297535714575,0.5,0.6309297535714575,0.13092975357145753,gain
PLAIN-3037,nfcorpus-PLAIN-3037,7,4,0.0,0.0,0.0,0.0,0.0,tie
PLAIN-3053,nfcorpus-PLAIN-3053,2,3,0.7653606369886217,0.7653606369886217,0.7653606369886217,0.0,0.0,tie
PLAIN-3063,nfcorpus-PLAIN-3063,4,4,0.0,0.0,0.0,0.0,0.0,tie
PLAIN-3074,nfcorpus-PLAIN-3074,7,1,1.0,1.0,1.0,0.0,0.0,tie
PLAIN-3085,nfcorpus-PLAIN-3085,9,2,0.6509209298071326,0.8503449055347546,0.5012658353418871,0.19942397572762205,0.34907907019286755,gain
PLAIN-3097,nfcorpus-PLAIN-3097,4,4,0.4770382338730848,0.4770382338730848,0.4770382338730848,0.0,0.0,tie
PLAIN-3116,nfcorpus-PLAIN-3116,6,1,0.0,0.0,0.0,0.0,0.0,tie
PLAIN-3131,nfcorpus-PLAIN-3131,5,6,0.12264830928602341,0.36794492785807026,0.36794492785807026,0.24529661857204685,0.0,gain
PLAIN-3141,nfcorpus-PLAIN-3141,5,34,0.0866178136927642,0.1890570933316362,0.1890570933316362,0.102439279638872,0.0,gain
PLAIN-3151,nfcorpus-PLAIN-3151,10,18,0.20632975263545592,0.6866463109607734,0.6840795453772195,0.4803165583253175,0.002566765583553954,gain
PLAIN-3161,nfcorpus-PLAIN-3161,6,43,0.4752115325793111,0.5965206080511133,0.6060284849319915,0.1213090754718022,-0.009507876880878174,gain
PLAIN-3171,nfcorpus-PLAIN-3171,3,34,0.23497571470289355,0.19472593371115676,0.1915026514374675,-0.04024978099173679,0.0032232822736892597,loss
PLAIN-3181,nfcorpus-PLAIN-3181,6,27,0.0,0.06625422345438903,0.0,0.06625422345438903,0.06625422345438903,gain
PLAIN-3191,nfcorpus-PLAIN-3191,5,16,0.1813000568666309,0.3359320422493133,0.3753137925456814,0.15463198538268239,-0.039381750296368145,gain
PLAIN-3201,nfcorpus-PLAIN-3201,4,32,0.2724154706688162,0.4129233019281172,0.28192888494377455,0.140507831259301,0.13099441698434267,gain
PLAIN-3211,nfcorpus-PLAIN-3211,3,18,0.0,0.0,0.0,0.0,0.0,tie
PLAIN-3221,nfcorpus-PLAIN-3221,4,24,0.0,0.0,0.0,0.0,0.0,tie
PLAIN-3231,nfcorpus-PLAIN-3231,4,8,0.0,0.0,0.0,0.0,0.0,tie
PLAIN-3241,nfcorpus-PLAIN-3241,4,29,0.0,0.0,0.0,0.0,0.0,tie
PLAIN-3251,nfcorpus-PLAIN-3251,2,21,0.06425604298318155,0.17240394387374433,0.18038951854077967,0.10814790089056278,-0.007985574667035339,gain
PLAIN-3261,nfcorpus-PLAIN-3261,3,13,0.14982420171299154,0.14982420171299154,0.14982420171299154,0.0,0.0,tie
PLAIN-3271,nfcorpus-PLAIN-3271,5,49,0.0,0.0,0.0,0.0,0.0,tie
PLAIN-3281,nfcorpus-PLAIN-3281,5,26,0.3239134396887189,0.3239134396887189,0.20436662668128655,0.0,0.11954681300743233,tie
PLAIN-3292,nfcorpus-PLAIN-3292,5,7,0.43550531417821603,0.5163548804387819,0.5561425340750157,0.08084956626056583,-0.03978765363623382,gain
PLAIN-3302,nfcorpus-PLAIN-3302,2,37,0.2942026330205877,0.20400787375019783,0.34634689786714556,-0.09019475927038986,-0.14233902411694774,loss
PLAIN-3312,nfcorpus-PLAIN-3312,4,13,0.12065389290783829,0.24350895412712073,0.19934217403734153,0.12285506121928244,0.0441667800897792,gain
PLAIN-3322,nfcorpus-PLAIN-3322,3,79,0.08514311764162098,0.07839826897867533,0.08514311764162098,-0.0067448486629456544,-0.0067448486629456544,loss
PLAIN-3332,nfcorpus-PLAIN-3332,4,14,0.30890160450714277,0.4227147189869508,0.6190895668159158,0.11381311447980802,-0.19637484782896497,gain
PLAIN-3342,nfcorpus-PLAIN-3342,6,3,0.7653606369886217,0.9010126104210695,0.46927872602275644,0.13565197343244784,0.43173388439831306,gain
PLAIN-3352,nfcorpus-PLAIN-3352,4,39,0.0,0.0,0.0,0.0,0.0,tie
PLAIN-3362,nfcorpus-PLAIN-3362,3,11,0.5282800663700055,0.5880534728737216,0.5880534728737216,0.0597734065037161,0.0,gain
PLAIN-3372,nfcorpus-PLAIN-3372,3,14,0.0,0.0,0.0,0.0,0.0,tie
PLAIN-3382,nfcorpus-PLAIN-3382,6,14,0.2664628585461853,0.3338909958444282,0.34511839310718245,0.06742813729824293,-0.011227397262754235,gain
PLAIN-3392,nfcorpus-PLAIN-3392,3,23,0.0,0.0,0.0,0.0,0.0,tie
PLAIN-3402,nfcorpus-PLAIN-3402,5,14,0.0,0.0,0.0,0.0,0.0,tie
PLAIN-3412,nfcorpus-PLAIN-3412,4,49,0.2707385241236823,0.21964686745336068,0.37533945414825326,-0.051091656670321645,-0.15569258669489258,loss
PLAIN-3422,nfcorpus-PLAIN-3422,4,31,0.035427698077529615,0.03401953804980575,0.07845884372062176,-0.0014081600277238634,-0.044439305670816005,loss
PLAIN-3432,nfcorpus-PLAIN-3432,3,42,0.31204907722178066,0.20248323207250624,0.16421958630632802,-0.10956584514927442,0.03826364576617822,loss
PLAIN-3442,nfcorpus-PLAIN-3442,3,29,0.0,0.0,0.0,0.0,0.0,tie
PLAIN-3452,nfcorpus-PLAIN-3452,3,17,0.5647652605605431,0.5768260756109673,0.5768260756109673,0.012060815050424223,0.0,gain
PLAIN-3462,nfcorpus-PLAIN-3462,5,64,0.6363762929310753,0.6253338941235216,0.6929852696575346,-0.011042398807553755,-0.06765137553401301,loss
PLAIN-3472,nfcorpus-PLAIN-3472,9,17,0.0,0.0,0.0,0.0,0.0,tie
